id;feature;functional;dysfunctional;category
M01;R001;3;5;Обязательное
M02;R001;1;4;Привлекательное
M03;R001;2;5;Обязательное
M04;R001;4;3;Безразличное
M05;R001;1;2;Привлекательное
M06;R001;3;3;Безразличное
M07;R001;3;5;Обязательное
M08;R001;1;5;Линейное
M09;R001;3;3;Безразличное
M10;R001;1;3;Привлекательное
M11;R001;1;2;Привлекательное
M12;R001;2;5;Обязательное
M13;R001;2;5;Обязательное
M14;R001;2;5;Обязательное
M15;R001;2;5;Обязательное
M16;R001;4;3;Безразличное
M17;R001;1;4;Привлекательное
M18;R001;2;5;Обязательное
M19;R001;3;5;Обязательное
M20;R001;2;5;Обязательное
M21;R001;2;5;Обязательное
M22;R001;3;4;Безразличное
M23;R001;4;3;Безразличное
M24;R001;4;5;Обязательное
M25;R001;3;5;Обязательное
M26;R001;2;5;Обязательное
M27;R001;2;5;Обязательное
M28;R001;2;5;Обязательное
M29;R001;3;5;Обязательное
M30;R001;1;5;Линейное
M01;R002;3;3;Безразличное
M02;R002;2;5;Обязательное
M03;R002;2;5;Обязательное
M04;R002;3;3;Безразличное
M05;R002;2;5;Обязательное
M06;R002;1;5;Линейное
M07;R002;1;5;Линейное
M08;R002;3;5;Обязательное
M09;R002;1;5;Линейное
M10;R002;1;5;Линейное
M11;R002;1;5;Линейное
M12;R002;2;5;Обязательное
M13;R002;1;5;Линейное
M14;R002;2;5;Обязательное
M15;R002;1;5;Линейное
M16;R002;1;5;Линейное
M17;R002;2;5;Обязательное
M18;R002;1;5;Линейное
M19;R002;1;5;Линейное
M20;R002;1;5;Линейное
M21;R002;2;5;Обязательное
M22;R002;1;5;Линейное
M23;R002;1;5;Линейное
M24;R002;3;5;Обязательное
M25;R002;3;5;Обязательное
M26;R002;2;5;Обязательное
M27;R002;1;5;Линейное
M28;R002;1;4;Привлекательное
M29;R002;1;5;Линейное
M30;R002;2;5;Обязательное
M01;R003;1;2;Привлекательное
M02;R003;2;5;Обязательное
M03;R003;1;5;Линейное
M04;R003;2;5;Обязательное
M05;R003;1;5;Линейное
M06;R003;1;5;Линейное
M07;R003;1;5;Линейное
M08;R003;1;5;Линейное
M09;R003;2;5;Обязательное
M10;R003;3;3;Безразличное
M11;R003;1;5;Линейное
M12;R003;2;5;Обязательное
M13;R003;1;5;Линейное
M14;R003;2;5;Обязательное
M15;R003;3;4;Безразличное
M16;R003;1;5;Линейное
M17;R003;1;4;Привлекательное
M18;R003;1;5;Линейное
M19;R003;1;4;Привлекательное
M20;R003;2;5;Обязательное
M21;R003;1;5;Линейное
M22;R003;1;2;Привлекательное
M23;R003;2;5;Обязательное
M24;R003;1;5;Линейное
M25;R003;1;5;Линейное
M26;R003;1;5;Линейное
M27;R003;1;5;Линейное
M28;R003;3;3;Безразличное
M29;R003;1;5;Линейное
M30;R003;3;3;Безразличное
M01;R004;3;4;Безразличное
M02;R004;1;5;Линейное
M03;R004;1;5;Линейное
M04;R004;2;5;Обязательное
M05;R004;1;4;Привлекательное
M06;R004;1;5;Линейное
M07;R004;2;5;Обязательное
M08;R004;1;5;Линейное
M09;R004;1;5;Линейное
M10;R004;2;5;Обязательное
M11;R004;2;5;Обязательное
M12;R004;3;4;Безразличное
M13;R004;1;5;Линейное
M14;R004;4;3;Безразличное
M15;R004;1;5;Линейное
M16;R004;2;5;Обязательное
M17;R004;3;4;Безразличное
M18;R004;2;5;Обязательное
M19;R004;1;5;Линейное
M20;R004;1;5;Линейное
M21;R004;1;5;Линейное
M22;R004;1;5;Линейное
M23;R004;4;3;Безразличное
M24;R004;1;5;Линейное
M25;R004;1;5;Линейное
M26;R004;1;4;Привлекательное
M27;R004;1;5;Линейное
M28;R004;4;3;Безразличное
M29;R004;2;5;Обязательное
M30;R004;1;3;Привлекательное
M01;R005;3;5;Обязательное
M02;R005;1;3;Привлекательное
M03;R005;1;2;Привлекательное
M04;R005;2;5;Обязательное
M05;R005;1;2;Привлекательное
M06;R005;1;3;Привлекательное
M07;R005;4;5;Обязательное
M08;R005;4;5;Обязательное
M09;R005;3;5;Обязательное
M10;R005;1;5;Линейное
M11;R005;3;4;Безразличное
M12;R005;2;5;Обязательное
M13;R005;1;5;Линейное
M14;R005;1;2;Привлекательное
M15;R005;3;5;Обязательное
M16;R005;2;5;Обязательное
M17;R005;2;5;Обязательное
M18;R005;1;3;Привлекательное
M19;R005;1;3;Привлекательное
M20;R005;4;5;Обязательное
M21;R005;1;3;Привлекательное
M22;R005;4;5;Обязательное
M23;R005;1;5;Линейное
M24;R005;1;4;Привлекательное
M25;R005;3;3;Безразличное
M26;R005;2;5;Обязательное
M27;R005;4;3;Безразличное
M28;R005;1;4;Привлекательное
M29;R005;3;4;Безразличное
M30;R005;3;4;Безразличное
M01;R006;1;3;Привлекательное
M02;R006;1;3;Привлекательное
M03;R006;1;2;Привлекательное
M04;R006;4;3;Безразличное
M05;R006;1;4;Привлекательное
M06;R006;3;5;Обязательное
M07;R006;3;4;Безразличное
M08;R006;1;4;Привлекательное
M09;R006;1;5;Линейное
M10;R006;3;4;Безразличное
M11;R006;4;5;Обязательное
M12;R006;2;5;Обязательное
M13;R006;3;3;Безразличное
M14;R006;1;4;Привлекательное
M15;R006;3;3;Безразличное
M16;R006;1;3;Привлекательное
M17;R006;4;5;Обязательное
M18;R006;1;2;Привлекательное
M19;R006;1;3;Привлекательное
M20;R006;1;5;Линейное
M21;R006;1;3;Привлекательное
M22;R006;3;5;Обязательное
M23;R006;1;4;Привлекательное
M24;R006;2;5;Обязательное
M25;R006;1;5;Линейное
M26;R006;1;4;Привлекательное
M27;R006;1;5;Линейное
M28;R006;1;2;Привлекательное
M29;R006;4;3;Безразличное
M30;R006;1;2;Привлекательное
M01;R007;3;3;Безразличное
M02;R007;1;3;Привлекательное
M03;R007;1;4;Привлекательное
M04;R007;4;3;Безразличное
M05;R007;2;5;Обязательное
M06;R007;1;5;Линейное
M07;R007;2;5;Обязательное
M08;R007;1;3;Привлекательное
M09;R007;1;3;Привлекательное
M10;R007;1;4;Привлекательное
M11;R007;1;4;Привлекательное
M12;R007;3;3;Безразличное
M13;R007;2;5;Обязательное
M14;R007;1;5;Линейное
M15;R007;1;4;Привлекательное
M16;R007;1;2;Привлекательное
M17;R007;1;3;Привлекательное
M18;R007;3;5;Обязательное
M19;R007;2;5;Обязательное
M20;R007;1;3;Привлекательное
M21;R007;1;4;Привлекательное
M22;R007;1;3;Привлекательное
M23;R007;1;4;Привлекательное
M24;R007;4;3;Безразличное
M25;R007;1;2;Привлекательное
M26;R007;4;5;Обязательное
M27;R007;1;5;Линейное
M28;R007;1;5;Линейное
M29;R007;1;4;Привлекательное
M30;R007;1;4;Привлекательное
M01;R008;1;2;Привлекательное
M02;R008;1;3;Привлекательное
M03;R008;3;3;Безразличное
M04;R008;2;5;Обязательное
M05;R008;3;5;Обязательное
M06;R008;1;2;Привлекательное
M07;R008;1;4;Привлекательное
M08;R008;2;5;Обязательное
M09;R008;1;5;Линейное
M10;R008;2;5;Обязательное
M11;R008;1;3;Привлекательное
M12;R008;3;4;Безразличное
M13;R008;2;5;Обязательное
M14;R008;2;5;Обязательное
M15;R008;2;5;Обязательное
M16;R008;4;5;Обязательное
M17;R008;3;5;Обязательное
M18;R008;1;4;Привлекательное
M19;R008;4;3;Безразличное
M20;R008;1;3;Привлекательное
M21;R008;1;4;Привлекательное
M22;R008;2;5;Обязательное
M23;R008;1;2;Привлекательное
M24;R008;1;2;Привлекательное
M25;R008;1;3;Привлекательное
M26;R008;4;5;Обязательное
M27;R008;1;2;Привлекательное
M28;R008;3;4;Безразличное
M29;R008;4;5;Обязательное
M30;R008;1;4;Привлекательное
M01;R009;4;5;Обязательное
M02;R009;3;5;Обязательное
M03;R009;3;4;Безразличное
M04;R009;3;4;Безразличное
M05;R009;2;5;Обязательное
M06;R009;2;5;Обязательное
M07;R009;3;5;Обязательное
M08;R009;2;5;Обязательное
M09;R009;4;5;Обязательное
M10;R009;3;5;Обязательное
M11;R009;3;5;Обязательное
M12;R009;3;5;Обязательное
M13;R009;1;4;Привлекательное
M14;R009;4;5;Обязательное
M15;R009;2;5;Обязательное
M16;R009;1;3;Привлекательное
M17;R009;2;5;Обязательное
M18;R009;1;4;Привлекательное
M19;R009;1;2;Привлекательное
M20;R009;1;5;Линейное
M21;R009;3;5;Обязательное
M22;R009;1;5;Линейное
M23;R009;1;4;Привлекательное
M24;R009;2;5;Обязательное
M25;R009;3;5;Обязательное
M26;R009;4;5;Обязательное
M27;R009;3;4;Безразличное
M28;R009;3;4;Безразличное
M29;R009;4;3;Безразличное
M30;R009;4;5;Обязательное
M01;R010;4;5;Обязательное
M02;R010;3;5;Обязательное
M03;R010;2;5;Обязательное
M04;R010;4;3;Безразличное
M05;R010;3;5;Обязательное
M06;R010;2;5;Обязательное
M07;R010;1;5;Линейное
M08;R010;4;5;Обязательное
M09;R010;1;3;Привлекательное
M10;R010;2;5;Обязательное
M11;R010;1;5;Линейное
M12;R010;2;5;Обязательное
M13;R010;4;5;Обязательное
M14;R010;4;5;Обязательное
M15;R010;3;5;Обязательное
M16;R010;3;5;Обязательное
M17;R010;4;3;Безразличное
M18;R010;1;3;Привлекательное
M19;R010;1;5;Линейное
M20;R010;4;5;Обязательное
M21;R010;1;3;Привлекательное
M22;R010;3;5;Обязательное
M23;R010;1;3;Привлекательное
M24;R010;4;3;Безразличное
M25;R010;1;5;Линейное
M26;R010;2;5;Обязательное
M27;R010;2;5;Обязательное
M28;R010;3;5;Обязательное
M29;R010;3;5;Обязательное
M30;R010;4;3;Безразличное
M01;R011;1;5;Линейное
M02;R011;1;5;Линейное
M03;R011;1;3;Привлекательное
M04;R011;1;5;Линейное
M05;R011;1;5;Линейное
M06;R011;1;5;Линейное
M07;R011;1;2;Привлекательное
M08;R011;4;5;Обязательное
M09;R011;2;5;Обязательное
M10;R011;2;5;Обязательное
M11;R011;2;5;Обязательное
M12;R011;2;5;Обязательное
M13;R011;1;3;Привлекательное
M14;R011;2;5;Обязательное
M15;R011;1;5;Линейное
M16;R011;1;5;Линейное
M17;R011;1;5;Линейное
M18;R011;1;5;Линейное
M19;R011;4;3;Безразличное
M20;R011;1;5;Линейное
M21;R011;1;4;Привлекательное
M22;R011;2;5;Обязательное
M23;R011;1;4;Привлекательное
M24;R011;3;3;Безразличное
M25;R011;2;5;Обязательное
M26;R011;1;3;Привлекательное
M27;R011;1;4;Привлекательное
M28;R011;1;3;Привлекательное
M29;R011;1;5;Линейное
M30;R011;3;5;Обязательное
M01;R012;4;3;Безразличное
M02;R012;2;5;Обязательное
M03;R012;1;5;Линейное
M04;R012;1;5;Линейное
M05;R012;2;5;Обязательное
M06;R012;1;5;Линейное
M07;R012;2;5;Обязательное
M08;R012;2;5;Обязательное
M09;R012;1;5;Линейное
M10;R012;1;5;Линейное
M11;R012;2;5;Обязательное
M12;R012;3;3;Безразличное
M13;R012;1;5;Линейное
M14;R012;1;5;Линейное
M15;R012;4;3;Безразличное
M16;R012;1;5;Линейное
M17;R012;2;5;Обязательное
M18;R012;1;5;Линейное
M19;R012;1;2;Привлекательное
M20;R012;1;5;Линейное
M21;R012;3;5;Обязательное
M22;R012;3;5;Обязательное
M23;R012;1;4;Привлекательное
M24;R012;1;5;Линейное
M25;R012;3;4;Безразличное
M26;R012;2;5;Обязательное
M27;R012;2;5;Обязательное
M28;R012;1;5;Линейное
M29;R012;1;5;Линейное
M30;R012;1;4;Привлекательное
M01;R013;1;5;Линейное
M02;R013;1;4;Привлекательное
M03;R013;3;4;Безразличное
M04;R013;1;5;Линейное
M05;R013;3;4;Безразличное
M06;R013;1;5;Линейное
M07;R013;3;5;Обязательное
M08;R013;3;3;Безразличное
M09;R013;2;5;Обязательное
M10;R013;2;5;Обязательное
M11;R013;1;5;Линейное
M12;R013;3;4;Безразличное
M13;R013;2;5;Обязательное
M14;R013;3;5;Обязательное
M15;R013;2;5;Обязательное
M16;R013;1;5;Линейное
M17;R013;4;5;Обязательное
M18;R013;1;5;Линейное
M19;R013;1;5;Линейное
M20;R013;1;5;Линейное
M21;R013;3;4;Безразличное
M22;R013;2;5;Обязательное
M23;R013;2;5;Обязательное
M24;R013;1;5;Линейное
M25;R013;1;3;Привлекательное
M26;R013;3;5;Обязательное
M27;R013;2;5;Обязательное
M28;R013;3;3;Безразличное
M29;R013;1;4;Привлекательное
M30;R013;2;5;Обязательное
M01;R014;2;5;Обязательное
M02;R014;2;5;Обязательное
M03;R014;3;4;Безразличное
M04;R014;3;3;Безразличное
M05;R014;4;3;Безразличное
M06;R014;2;5;Обязательное
M07;R014;3;3;Безразличное
M08;R014;3;5;Обязательное
M09;R014;1;5;Линейное
M10;R014;1;5;Линейное
M11;R014;4;3;Безразличное
M12;R014;1;3;Привлекательное
M13;R014;1;3;Привлекательное
M14;R014;1;3;Привлекательное
M15;R014;4;3;Безразличное
M16;R014;4;3;Безразличное
M17;R014;3;3;Безразличное
M18;R014;2;5;Обязательное
M19;R014;3;3;Безразличное
M20;R014;1;5;Линейное
M21;R014;4;3;Безразличное
M22;R014;3;4;Безразличное
M23;R014;1;5;Линейное
M24;R014;3;4;Безразличное
M25;R014;1;4;Привлекательное
M26;R014;1;4;Привлекательное
M27;R014;1;5;Линейное
M28;R014;3;4;Безразличное
M29;R014;3;5;Обязательное
M30;R014;4;3;Безразличное
M01;R015;1;5;Линейное
M02;R015;2;5;Обязательное
M03;R015;1;5;Линейное
M04;R015;2;5;Обязательное
M05;R015;1;5;Линейное
M06;R015;1;5;Линейное
M07;R015;2;5;Обязательное
M08;R015;1;2;Привлекательное
M09;R015;1;5;Линейное
M10;R015;3;5;Обязательное
M11;R015;1;2;Привлекательное
M12;R015;2;5;Обязательное
M13;R015;1;5;Линейное
M14;R015;1;5;Линейное
M15;R015;3;3;Безразличное
M16;R015;1;5;Линейное
M17;R015;3;4;Безразличное
M18;R015;1;5;Линейное
M19;R015;1;4;Привлекательное
M20;R015;3;4;Безразличное
M21;R015;4;3;Безразличное
M22;R015;3;3;Безразличное
M23;R015;1;5;Линейное
M24;R015;1;5;Линейное
M25;R015;1;5;Линейное
M26;R015;4;3;Безразличное
M27;R015;1;3;Привлекательное
M28;R015;1;5;Линейное
M29;R015;1;4;Привлекательное
M30;R015;1;5;Линейное
M01;R016;1;3;Привлекательное
M02;R016;4;3;Безразличное
M03;R016;1;3;Привлекательное
M04;R016;1;4;Привлекательное
M05;R016;1;2;Привлекательное
M06;R016;1;4;Привлекательное
M07;R016;1;3;Привлекательное
M08;R016;1;5;Линейное
M09;R016;1;3;Привлекательное
M10;R016;1;3;Привлекательное
M11;R016;2;5;Обязательное
M12;R016;1;2;Привлекательное
M13;R016;2;5;Обязательное
M14;R016;1;2;Привлекательное
M15;R016;1;2;Привлекательное
M16;R016;1;3;Привлекательное
M17;R016;4;5;Обязательное
M18;R016;1;3;Привлекательное
M19;R016;1;3;Привлекательное
M20;R016;1;2;Привлекательное
M21;R016;2;5;Обязательное
M22;R016;4;5;Обязательное
M23;R016;1;5;Линейное
M24;R016;1;2;Привлекательное
M25;R016;1;2;Привлекательное
M26;R016;3;5;Обязательное
M27;R016;4;3;Безразличное
M28;R016;1;4;Привлекательное
M29;R016;3;3;Безразличное
M30;R016;1;2;Привлекательное
