id;segment;hours_month;critical_error_12m;tool;vw_too_cheap;vw_cheap;vw_expensive;vw_too_expensive;max_one_off;intent_1_5;choice
M01;Финансовые аналитики и FP&A;59;1;только вручную;8.0;13.9;30.5;53.3;11.8;4;Pro 19 EUR
M02;Финансовые аналитики и FP&A;46;1;специализированный инструмент;2.2;8.0;21.5;35.9;5.8;3;Pro 19 EUR
M03;Финансовые аналитики и FP&A;44;1;только вручную;2.8;6.1;14.0;20.2;6.5;4;разовый аудит 9 EUR
M04;Финансовые аналитики и FP&A;46;0;только вручную;3.5;10.5;32.0;46.0;8.6;2;не купил бы
M05;Финансовые аналитики и FP&A;41;0;Copilot или чат-бот;4.1;13.1;23.8;36.6;8.2;3;Pro 19 EUR
M06;Финансовые аналитики и FP&A;48;1;только вручную;5.0;8.2;20.3;36.0;6.8;4;Pro 19 EUR
M07;Финансовые аналитики и FP&A;71;1;только вручную;1.6;7.2;14.5;26.4;5.3;4;разовый аудит 9 EUR
M08;Финансовые аналитики и FP&A;50;1;только вручную;3.3;13.4;29.8;37.6;12.1;4;Team 29 EUR
M09;Бухгалтеры и аудиторы;43;0;Copilot или чат-бот;3.7;8.1;22.9;33.4;10.1;2;не купил бы
M10;Бухгалтеры и аудиторы;56;0;Copilot или чат-бот;2.7;6.4;12.4;19.1;4.3;4;разовый аудит 9 EUR
M11;Бухгалтеры и аудиторы;53;1;только вручную;2.5;5.0;14.0;22.0;3.8;4;разовый аудит 9 EUR
M12;Бухгалтеры и аудиторы;46;0;Copilot или чат-бот;3.8;7.0;17.6;22.2;6.4;4;разовый аудит 9 EUR
M13;Бухгалтеры и аудиторы;51;1;только вручную;2.8;7.3;16.0;24.0;4.4;4;разовый аудит 9 EUR
M14;Бухгалтеры и аудиторы;35;0;только вручную;2.2;7.5;17.9;35.1;5.6;2;не купил бы
M15;Бухгалтеры и аудиторы;77;0;только вручную;5.2;12.7;23.5;38.0;9.1;2;не купил бы
M16;Консультанты по управлению;56;1;только вручную;15.9;30.2;76.2;136.9;32.6;4;Team 29 EUR
M17;Консультанты по управлению;48;1;Copilot или чат-бот;7.3;24.5;46.2;72.7;22.2;4;Team 29 EUR
M18;Консультанты по управлению;56;1;только вручную;8.6;19.9;40.1;61.8;11.5;4;Pro 19 EUR
M19;Консультанты по управлению;37;1;только вручную;13.8;36.3;65.2;92.9;23.0;4;Pro 19 EUR
M20;Консультанты по управлению;41;0;только вручную;3.8;13.4;39.1;61.6;11.5;2;не купил бы
M21;Консультанты по управлению;60;1;Copilot или чат-бот;5.9;13.7;28.0;43.9;10.3;3;Team 29 EUR
M22;Консультанты по управлению;43;0;Copilot или чат-бот;9.4;18.0;48.1;66.6;16.8;4;Team 29 EUR
M23;Консультанты по управлению;38;1;только вручную;8.2;20.1;46.6;66.5;20.3;3;Team 29 EUR
M24;МСП с финансовой функцией;48;0;Copilot или чат-бот;2.9;7.5;14.2;25.6;4.8;3;разовый аудит 9 EUR
M25;МСП с финансовой функцией;41;0;только вручную;2.1;4.1;11.6;16.9;4.8;3;разовый аудит 9 EUR
M26;МСП с финансовой функцией;25;0;Copilot или чат-бот;4.3;13.7;30.1;39.6;11.4;3;Team 29 EUR
M27;МСП с финансовой функцией;42;1;только вручную;2.8;7.3;22.5;32.9;7.1;3;Pro 19 EUR
M28;МСП с финансовой функцией;41;0;только вручную;2.1;6.2;15.4;19.5;5.8;4;разовый аудит 9 EUR
M29;МСП с финансовой функцией;34;1;Copilot или чат-бот;2.2;6.6;18.2;29.3;4.4;3;разовый аудит 9 EUR
M30;МСП с финансовой функцией;39;0;Copilot или чат-бот;2.4;4.0;11.1;16.0;3.8;4;разовый аудит 9 EUR
