week;week_start;channel;visits;registrations;activations;paying
1;2027-04-01;органический поиск;79;5;1;0
1;2027-04-01;прямые и закладки;65;2;1;0
1;2027-04-01;рефералы и сообщества;41;1;1;0
1;2027-04-01;платные объявления;36;3;0;0
1;2027-04-01;почта и партнеры;23;4;2;0
2;2027-04-08;органический поиск;129;7;2;0
2;2027-04-08;прямые и закладки;57;4;1;0
2;2027-04-08;рефералы и сообщества;50;1;1;0
2;2027-04-08;платные объявления;34;0;0;0
2;2027-04-08;почта и партнеры;35;2;1;0
3;2027-04-15;органический поиск;101;3;1;0
3;2027-04-15;прямые и закладки;55;1;1;0
3;2027-04-15;рефералы и сообщества;37;0;0;0
3;2027-04-15;платные объявления;60;7;4;0
3;2027-04-15;почта и партнеры;30;0;0;0
4;2027-04-22;органический поиск;122;2;0;0
4;2027-04-22;прямые и закладки;80;2;0;0
4;2027-04-22;рефералы и сообщества;57;1;0;0
4;2027-04-22;платные объявления;53;3;3;0
4;2027-04-22;почта и партнеры;45;4;1;0
5;2027-04-29;органический поиск;152;5;4;0
5;2027-04-29;прямые и закладки;74;0;0;0
5;2027-04-29;рефералы и сообщества;76;3;2;0
5;2027-04-29;платные объявления;59;3;1;0
5;2027-04-29;почта и партнеры;34;3;3;0
6;2027-05-06;органический поиск;178;23;17;0
6;2027-05-06;прямые и закладки;83;7;5;0
6;2027-05-06;рефералы и сообщества;113;2;0;0
6;2027-05-06;платные объявления;72;9;9;0
6;2027-05-06;почта и партнеры;35;5;3;0
7;2027-05-13;органический поиск;184;14;6;0
7;2027-05-13;прямые и закладки;111;16;7;0
7;2027-05-13;рефералы и сообщества;79;3;2;0
7;2027-05-13;платные объявления;89;4;2;0
7;2027-05-13;почта и партнеры;40;3;2;0
8;2027-05-20;органический поиск;203;8;6;0
8;2027-05-20;прямые и закладки;74;7;5;0
8;2027-05-20;рефералы и сообщества;98;14;6;0
8;2027-05-20;платные объявления;72;10;6;0
8;2027-05-20;почта и партнеры;45;2;2;0
9;2027-05-27;органический поиск;215;24;14;0
9;2027-05-27;прямые и закладки;108;15;6;0
9;2027-05-27;рефералы и сообщества;108;5;2;0
9;2027-05-27;платные объявления;85;3;2;0
9;2027-05-27;почта и партнеры;46;1;0;0
10;2027-06-03;органический поиск;238;22;16;1
10;2027-06-03;прямые и закладки;132;6;5;1
10;2027-06-03;рефералы и сообщества;68;0;0;0
10;2027-06-03;платные объявления;73;3;2;0
10;2027-06-03;почта и партнеры;52;4;3;0
11;2027-06-10;органический поиск;233;12;6;1
11;2027-06-10;прямые и закладки;145;15;7;0
11;2027-06-10;рефералы и сообщества;87;6;3;0
11;2027-06-10;платные объявления;69;4;2;0
11;2027-06-10;почта и партнеры;56;1;1;0
12;2027-06-17;органический поиск;265;10;6;0
12;2027-06-17;прямые и закладки;133;8;5;1
12;2027-06-17;рефералы и сообщества;93;7;6;0
12;2027-06-17;платные объявления;108;5;2;0
12;2027-06-17;почта и партнеры;78;1;0;0
13;2027-06-24;органический поиск;241;10;4;0
13;2027-06-24;прямые и закладки;148;3;1;0
13;2027-06-24;рефералы и сообщества;87;7;3;1
13;2027-06-24;платные объявления;90;1;0;0
13;2027-06-24;почта и партнеры;58;4;2;0
14;2027-07-01;органический поиск;236;3;1;0
14;2027-07-01;прямые и закладки;118;10;4;0
14;2027-07-01;рефералы и сообщества;116;4;2;0
14;2027-07-01;платные объявления;113;12;6;0
14;2027-07-01;почта и партнеры;72;5;3;0
15;2027-07-08;органический поиск;250;12;5;0
15;2027-07-08;прямые и закладки;179;6;4;0
15;2027-07-08;рефералы и сообщества;146;7;3;0
15;2027-07-08;платные объявления;73;2;2;0
15;2027-07-08;почта и партнеры;74;4;4;1
16;2027-07-15;органический поиск;276;28;12;2
16;2027-07-15;прямые и закладки;135;8;2;1
16;2027-07-15;рефералы и сообщества;102;7;4;0
16;2027-07-15;платные объявления;88;9;6;0
16;2027-07-15;почта и партнеры;97;1;1;1
17;2027-07-22;органический поиск;277;25;17;1
17;2027-07-22;прямые и закладки;138;16;12;2
17;2027-07-22;рефералы и сообщества;112;5;4;0
17;2027-07-22;платные объявления;93;1;1;0
17;2027-07-22;почта и партнеры;68;3;2;0
18;2027-07-29;органический поиск;258;16;9;1
18;2027-07-29;прямые и закладки;184;17;9;1
18;2027-07-29;рефералы и сообщества;159;2;0;0
18;2027-07-29;платные объявления;162;3;2;0
18;2027-07-29;почта и партнеры;66;6;4;0
19;2027-08-05;органический поиск;282;7;4;1
19;2027-08-05;прямые и закладки;177;16;6;0
19;2027-08-05;рефералы и сообщества;119;0;0;0
19;2027-08-05;платные объявления;115;2;2;0
19;2027-08-05;почта и партнеры;64;1;1;0
20;2027-08-12;органический поиск;282;3;3;1
20;2027-08-12;прямые и закладки;243;13;9;0
20;2027-08-12;рефералы и сообщества;143;13;11;2
20;2027-08-12;платные объявления;150;7;4;0
20;2027-08-12;почта и партнеры;118;8;6;0
21;2027-08-19;органический поиск;198;2;2;0
21;2027-08-19;прямые и закладки;230;9;5;0
21;2027-08-19;рефералы и сообщества;192;4;3;1
21;2027-08-19;платные объявления;149;7;2;0
21;2027-08-19;почта и партнеры;72;4;2;0
22;2027-08-26;органический поиск;314;19;14;2
22;2027-08-26;прямые и закладки;246;17;13;0
22;2027-08-26;рефералы и сообщества;171;9;6;0
22;2027-08-26;платные объявления;165;26;17;1
22;2027-08-26;почта и партнеры;109;8;7;1
23;2027-09-02;органический поиск;415;23;14;0
23;2027-09-02;прямые и закладки;207;5;0;0
23;2027-09-02;рефералы и сообщества;120;0;0;0
23;2027-09-02;платные объявления;134;12;9;1
23;2027-09-02;почта и партнеры;126;10;7;0
24;2027-09-09;органический поиск;387;21;11;0
24;2027-09-09;прямые и закладки;273;26;14;0
24;2027-09-09;рефералы и сообщества;248;34;22;1
24;2027-09-09;платные объявления;142;0;0;0
24;2027-09-09;почта и партнеры;135;3;2;0
25;2027-09-16;органический поиск;420;16;10;0
25;2027-09-16;прямые и закладки;258;21;10;2
25;2027-09-16;рефералы и сообщества;219;8;4;0
25;2027-09-16;платные объявления;189;2;1;0
25;2027-09-16;почта и партнеры;140;17;8;1
26;2027-09-23;органический поиск;511;6;3;0
26;2027-09-23;прямые и закладки;184;22;13;1
26;2027-09-23;рефералы и сообщества;208;7;6;0
26;2027-09-23;платные объявления;155;7;2;0
26;2027-09-23;почта и партнеры;160;18;11;1
27;2027-09-30;органический поиск;289;3;1;1
27;2027-09-30;прямые и закладки;262;17;7;1
27;2027-09-30;рефералы и сообщества;218;4;2;0
27;2027-09-30;платные объявления;165;11;8;0
27;2027-09-30;почта и партнеры;126;16;7;1
