domain;g2_rating;g2_reviews;capterra_rating;capterra_reviews;trustpilot_rating;trustpilot_reviews;note
perfectxl.com;;0;;;;0;G2: карточка PerfectXL (Infotron B.V.) 0 отзывов; Capterra: профиль есть, число отзывов в выдаче не показано; Trustpilot: профиль заявлен 03.2026, отзывов нет
operis.com;;;;;;;G2: найден только однофамилец (Operis by Vastian, лабораторные процессы) - не конкурент; карточки Operis Analysis Kit нет
arixcel.com;4.0;1;;;;;G2: Arixcel Explorer
spreadsheetdetective.com;;0;;;;;G2: карточка без оценок
cimcon.com;4.7;19;;;;;G2: CIMCON Software (EUC-риск)
shortcut.ai;;;;;;;G2: карточки Shortcut нет (найдена SheetWhiz - не относится)
rows.com;4.9;24;;;;;G2: Rows
numerous.ai;;;;;;;G2: карточки Numerous.ai нет (найден посторонний продукт)
formulabot.com;4.5;90;;;;;G2: Formula Bot (Better Analyst)
ajelix.com;4.5;1;;;;;G2: Ajelix
datarails.com;4.6;386;;;;;G2: Datarails
julius.ai;4.5;4;;;;;G2: Julius AI
