domain;visits_3m;visits_month_avg;unique_month_avg;duration;pages_visit;bounce_pct;desktop_pct;global_rank;country_rank;top5_countries_share_pct;direct;org_search;paid_search;referrals;display;org_social;paid_social;gen_ai;email;affiliates
shortcut.ai;462333;154111;68226;00:01:23;3.14;;57.64;278471;US 270790;US 21.50|IN 9.33|BR 6.93|KE 5.15|GB 5.04;55.58;31.74;0.23;6.42;0.33;3.37;0.08;0.98;1.27;
perfectxl.com;105975;35325;16582;00:00:30;1.84;40.33;41.44;835662;US 893513;US 16.24|IN 13.57|NL 9.84|CA 9.45|DE 8.42;40.43;32.55;1.53;10.55;2.71;5.59;0.63;1.67;2.79;1.55
rows.com;725211;241737;122637;00:00:37;1.95;41.42;39.72;217372;US 373223;US 7.17|IN 6.14|ID 5.00|NG 4.62|AU 3.74;34.16;53.14;;2.96;1.37;3.42;;4.41;0.33;0.20
numerous.ai;606534;202178;106503;00:00:29;2.34;43.52;43.57;234333;IN 60556;IN 14.84|US 12.96|VN 5.12|ID 3.26|CA 3.26;25.50;56.38;4.24;8.29;1.67;1.45;0.21;1.55;0.71;0.00
operis.com;44063;14688;6181;00:00:26;1.72;69.00;16.20;2346862;GB 257341;GB 58.97|US 18.29|CA 16.55|IN 4.02|FR 2.17;26.76;29.38;4.34;8.19;9.22;9.76;1.16;1.89;4.07;5.23
arixcel.com;53471;17824;8619;00:00:31;2.03;38.91;31.19;1588798;US 762880;US 28.47|AU 22.25|JP 10.83|GB 7.99|IN 7.01;38.64;32.95;1.61;10.89;3.22;5.36;0.66;1.64;3.03;2.00
formulabot.com;876641;292214;141392;00:00:55;3.09;41.84;42.01;200286;US 327516;VE 17.48|IN 10.18|US 6.85|ID 3.11|GB 2.80;28.26;57.70;0.01;7.58;0.07;2.46;;3.17;0.75;
ajelix.com;349850;116617;58958;00:00:28;1.81;40.77;44.77;351914;US 492151;IN 14.25|US 9.94|CA 4.69|AU 3.60|NG 2.87;26.35;56.41;0.07;11.81;0.30;1.67;0.07;2.80;0.52;
datarails.com;667077;222359;90450;00:03:19;3.86;39.20;52.33;208570;US 55706;US 68.60|CA 4.16|GB 3.60|IL 2.52|ZA 2.21;59.20;12.10;11.59;1.99;3.11;3.39;1.75;4.01;2.85;0.00
julius.ai;2104000;701540;360494;00:01:44;3.24;43.25;56.23;64597;IN 13391;IN 22.79|US 8.20|ID 4.40|BD 3.56|TR 2.35;35.59;40.94;5.29;10.18;0.33;1.94;0.07;3.44;2.19;0.02
spreadsheetdetective.com;5805;1935;879;00:00:55;2.05;40.75;35.47;5012222;US 3415002;US 55.64|GB 33.82|PH 5.91|TH 3.04|IN 1.59;38.97;30.84;1.72;10.64;4.03;5.54;0.83;1.67;3.31;2.44
cimcon.com;16567;5522;2640;00:00:34;1.85;37.27;31.11;2987634;IN 318494;IN 52.48|US 47.52;38.52;34.02;1.39;9.65;3.01;5.48;0.66;1.88;3.21;2.19
